{
  "metadata": {
    "name": "69Shuba",
    "author": "another2001yukito",
    "version": 11,
    "source": "https://www.69shuba.me",
    "regexp": "(www.|m.|)(69shu|69shuba|69yuedu)\\.(.*?)/(txt|book|article|r)/.*?\\.(html|htm)",
    "description": "Đọc truyện trên trang 69shuba.com",
    "locale": "zh_CN",
    "language": "javascript",
    "type": "chinese_novel"
  },
  "script": {
    "home": "home.js",
    "detail": "detail.js",
    "toc": "toc.js",
    "chap": "chap.js",
    "genre": "genre.js",
    "search": "search.js"
  }
}