{
  "metadata": {
    "name": "69shu",
    "author": "another2001yukito",
    "version": 5,
    "source": "https://69shuba.cx",
    "regexp": "(69shu|69shuba|69xinshu)\\.(.*?)/(txt|book|b|c)/.*?\\.(html|htm)",
    "description": "Đọc truyện trên trang 69shuba.cx",
    "locale": "zh_CN",
    "language": "javascript",
    "type": "chinese_novel"
  },
  "script": {
    "home": "home.js",
    "detail": "detail.js",
    "toc": "toc.js",
    "chap": "chap.js",
    "genre": "genre.js",
    "search": "search.js"
  }
}
