{
  "metadata": {
    "name": "69yuedu",
    "author": "another2001yukito",
    "version": 1,
    "source": "https://www.69yuedu.net",
    "regexp": "www.69yuedu\\.(.*?)/(article|r)/.*?\\.(html|htm)",
    "description": "Đọc truyện trên trang 69yuedu.net",
    "locale": "zh_CN",
    "language": "javascript",
    "type": "chinese_novel"
  },
  "script": {
    "home": "home.js",
    "detail": "detail.js",
    "toc": "toc.js",
    "chap": "chap.js",
    "genre": "genre.js",
    "search": "search.js"
  }
}
